row,code,code_norm,price_usd,category_guess,suggested_name,image_file,flag,short_description
2,DH-IPC-HFW5442E-Z4E,IPCHFW5442EZ4E,235,Мониторы,Монитор Dahua DH-IPC-HFW5442E-Z4E,DH-IPC-HFW5442E-Z4E.png,ok,Цилиндрическая IP-видеокамера
3,DH-C2K-P,C2KP,34.4706,Объективы,Объектив Dahua DH-C2K-P,DH-C2K-P.jpg,ok,1/2.7” CMOS
4,DH-C4K-P,C4KP,43.6471,Видеокамеры,Видеокамера Dahua DH-C4K-P,DH-C4K-P.jpg,ok,"Компактная IP-видеокамера с Wi-Fi 4Мп; 1/3” CMOS; объектив 2.8мм; механический ИК-фильтр; сжатие: H.265+, H.265, H.264+, H.264, MJPEG; 2 потока до 4Мп@25к/с; видеоаналитика: SMD Plus (интеллектуальный"
5,DH-HAC-HFW1200RLP-IL-T,HACHFW1200RLPILT,21.2471,Видеорегистраторы,Видеорегистратор Dahua DH-HAC-HFW1200RLP-IL-T,DH-HAC-HFW1200RLP-IL-T.png,ok,> * Для использования камеры Smart Dual Light HDCVI необходимо обновить прошивку XVR до версии V4.001.0000004.1.R.220323 или более поздней.
6,DH-HAC-HDW1200CLQP-IL-A,HACHDW1200CLQPILA,13.0588,Видеокамеры,Видеокамера Dahua DH-HAC-HDW1200CLQP-IL-A,DH-HAC-HDW1200CLQP-IL-A.png,ok,Уличная купольная HDCVI-видеокамера с интеллектуальной двойной подсветкой 2Мп; CMOS; объектив 2.8мм; механический ИК-фильтр; чувствительность 0.01лк@F2.0; видеовыход: BNC (переключаемый HDCVI/TVI/AHD/
7,DH-HAC-HDW1209TLQP-A-LED,HACHDW1209TLQPALED,20.7412,Видеокамеры,Видеокамера Dahua DH-HAC-HDW1209TLQP-A-LED,DH-HAC-HDW1209TLQP-A-LED.png,ok,"Уличная купольная HDCVI-видеокамера Full-color Starlight 2Mп; CMOS; объектив 3.6мм; чувствительность 0.005лк@F1.6; видеовыход: BNC (переключаемый HDCVI/TVI/AHD/CVBS); частота кадров: 25к/с@1080p, LED-"
8,DH-HAC-HDW1500TRQP,HACHDW1500TRQP,14.1176,Видеокамеры,Видеокамера Dahua DH-HAC-HDW1500TRQP,DH-HAC-HDW1500TRQP.jpeg,ok,Купольная HDCVI-видеокамера Starlight 5Мп; 1/2.7” CMOS; объектив 2.8мм; механический ИК-фильтр; чувствительность 0.005лк@F1.6; видеовыход: BNC (переключаемый HDCVI/TVI/AHD/CVBS); частота кадров: 25к/c
9,DH-HAC-HDW1509TLQP-A-LED,HACHDW1509TLQPALED,28.2353,Видеокамеры,Видеокамера Dahua DH-HAC-HDW1509TLQP-A-LED,DH-HAC-HDW1509TLQP-A-LED.jpeg,ok,Уличная купольная HDCVI-видеокамера Full-color Starlight 5Mп; CMOS; объектив 2.8мм; WDR(120дБ); чувствительность 0.001лк@F1.0; видеовыход: BNC (переключаемый HDCVI/TVI/AHD/CVBS); частота кадров: 25к/c
10,DH-HAC-HFW1200CLP-IL-A,HACHFW1200CLPILA,13.0588,Видеокамеры,Видеокамера Dahua DH-HAC-HFW1200CLP-IL-A,DH-HAC-HFW1200CLP-IL-A.png,ok,Уличная цилиндрическая HDCVI-видеокамера с интеллектуальной двойной подсветкой 2Мп; CMOS; объектив 3.6мм; механический ИК-фильтр; чувствительность 0.01лк@F2.0; видеовыход: BNC (переключаемый HDCVI/TVI
11,DH-HAC-HFW1209CLP-LED,HACHFW1209CLPLED,15.8847,Видеокамеры,Видеокамера Dahua DH-HAC-HFW1209CLP-LED,DH-HAC-HFW1209CLP-LED.jpeg,ok,Уличная цилиндрическая HDCVI-видеокамера с интеллектуальной двойной подсветкой 2Мп; CMOS; объектив 2.8мм; механический ИК-фильтр; чувствительность 0.01лк@F2.0; видеовыход: BNC (переключаемый HDCVI/TVI
12,DH-HAC-HFW1500CP,HACHFW1500CP,19.5271,Видеокамеры,Видеокамера Dahua DH-HAC-HFW1500CP,DH-HAC-HFW1500CP.png,ok,— Уличная цилиндрическая HDCVI-видеокамера Starlight.
13,DH-HAC-ME1500BP-L,HACME1500BPL,17.6471,Видеокамеры,Видеокамера Dahua DH-HAC-ME1500BP-L,DH-HAC-ME1500BP-L.png,ok,"HDCVI-видеокамера 5 Мп; 5Mп CMOS; 25к/с@5Мп, 25к/с@4Мп, 25к/с@1080P; фиксированный объектив: 2,8мм/3,6мм; дальность ИК: 30м; DWDR, OSD, ICR, SMART IR; CVI/TVI/AHD/CVBS переключаемый выход; встроенный "
14,DH-IPC-HDW1230T1-A,IPCHDW1230T1A,24.94,Видеокамеры,Видеокамера Dahua DH-IPC-HDW1230T1-A,DH-IPC-HDW1230T1-A.jpeg,ok,"2 Мп купольная IP-камера cерии Entry, с поддержкой функции детекции движения, а также PoE. Видеокамера имеет комбинированный корпус из металла и пластика и высокий класс защиты от пыли и воды."
15,DH-IPC-HDW1230T1-S5,IPCHDW1230T1S5,22.1576,Видеокамеры,Видеокамера Dahua DH-IPC-HDW1230T1-S5,DH-IPC-HDW1230T1-S5.png,ok,"2 Мп купольная IP-камера cерии Entry, с поддержкой функции детекции движения, а также PoE. Видеокамера имеет комбинированный корпус из металла и пластика и высокий класс защиты от пыли и воды."
16,DH-IPC-HFW1230S1-A,IPCHFW1230S1A,24.94,Объективы,Объектив Dahua DH-IPC-HFW1230S1-A,DH-IPC-HFW1230S1-A.png,ok,"2Мп; 1/2.8” CMOS; моторизованный объектив 2.8~12 мм; механический ИК-фильтр; чувствительность 0.008лк@F1.7; сжатие: H.265+, H.265, H.264+, H.264, MJPEG; 2 потока до 2Мп@25к/с; ИК-подсветка до 40м; Mic"
17,DH-IPC-HFW1230S1,IPCHFW1230S1,22.1576,Объективы,Объектив Dahua DH-IPC-HFW1230S1,DH-IPC-HFW1230S1.png,ok,"2Мп; 1/2.8” CMOS; моторизованный объектив 2.8~12 мм; механический ИК-фильтр; чувствительность 0.008лк@F1.7; сжатие: H.265+, H.265, H.264+, H.264, MJPEG; 2 потока до 2Мп@25к/с; ИК-подсветка до 40м; Mic"
18,DH-IPC-HFW1239S1-LED-S5,IPCHFW1239S1LEDS5,44.7059,Видеокамеры,Видеокамера Dahua DH-IPC-HFW1239S1-LED-S5,DH-IPC-HFW1239S1-LED-S5.png,ok,Уличная цилиндрическая IP-видеокамера Full-color
19,DH-IPC-HFW1239S-A-LED-S5,IPCHFW1239SALEDS5,38.1176,Видеокамеры,Видеокамера Dahua DH-IPC-HFW1239S-A-LED-S5,DH-IPC-HFW1239S-A-LED-S5.jpeg,ok,"Уличная цилиндрическая IP-видеокамера с LED-подсветкой до 30м 2Мп; 1/2.8” CMOS; объектив 2.8мм; чувствительность 0.0017лк@F1.0 сжатие: H.265+, H.265, H.264+, H.264, MJPEG; 2 потока до 2Мп@25к/с; DWDR;"
20,DH-IPC-HDW1239V-A-IL,IPCHDW1239VAIL,30.9412,Видеокамеры,Видеокамера Dahua DH-IPC-HDW1239V-A-IL,DH-IPC-HDW1239V-A-IL.png,ok,Купольная IP-видеокамера
21,DH-IPC-HFW1239TL1-A-IL,IPCHFW1239TL1AIL,28.5882,Видеокамеры,Видеокамера Dahua DH-IPC-HFW1239TL1-A-IL,DH-IPC-HFW1239TL1-A-IL.png,ok,"Профессиональная телекамера IP 2 Мп цилиндрическая построена на матрице 1/2.8"" CMOS. Разрешение 1920х1080 - 25 к/с. Формат сжатия H.265+, H.265, H.264+, H.264, MJPEG. Объектив 3.6 мм; двойная подсветк"
22,DH-IPC-HFW1230DS-SAW,IPCHFW1230DSSAW,40.4706,Мониторы,Монитор Dahua DH-IPC-HFW1230DS-SAW,DH-IPC-HFW1230DS-SAW.png,ok,"> 2-мегапиксельный 1/3-дюймовый CMOS-сенсор, обеспечивающий низкую яркость и высокое разрешение изображения."
23,DH-IPC-HFW1230DS1-SAW,IPCHFW1230DS1SAW,32.3765,Мониторы,Монитор Dahua DH-IPC-HFW1230DS1-SAW,DH-IPC-HFW1230DS1-SAW.png,ok,"· 2-мегапиксельная 1/2,8-дюймовая КМОП-матрица, изображение с низкой яркостью и высокой четкостью."
24,DH-IPC-HDW1230DT-SAW,IPCHDW1230DTSAW,32.3765,Мониторы,Монитор Dahua DH-IPC-HDW1230DT-SAW,DH-IPC-HDW1230DT-SAW.png,ok,"· 2-мегапиксельная 1/2,8-дюймовая CMOS-матрица, низкая яркость и высокое разрешение"
25,DH-IPC-HDW1239T-A-LED-S5,IPCHDW1239TALEDS5,34.5882,Видеокамеры,Видеокамера Dahua DH-IPC-HDW1239T-A-LED-S5,DH-IPC-HDW1239T-A-LED-S5.png,ok,"Уличная купольная IP-видеокамера с LED-подсветкой до 30м 2Мп; 1/2.8” CMOS; объектив 3.6мм; чувствительность 0.0017лк@F1.0 сжатие: H.265+, H.265, H.264+, H.264, MJPEG; 2 потока до 2Мп@25к/с; DWDR; 3D N"
26,DH-IPC-HFW1439TL1-A-IL,IPCHFW1439TL1AIL,37.0588,Мониторы,Монитор Dahua DH-IPC-HFW1439TL1-A-IL,DH-IPC-HFW1439TL1-A-IL.png,ok,4-Мегапиксельная полноцветная камера Netwok с фиксированным фокусным расстоянием
27,DH-IPC-HDW1439V-A-IL,IPCHDW1439VAIL,37.0588,Видеокамеры,Видеокамера Dahua DH-IPC-HDW1439V-A-IL,DH-IPC-HDW1439V-A-IL.jpeg,ok,Полноцветная сетевая камера начального уровня с фиксированным фокусным расстоянием 4 МП
28,DH-IPC-HDW1431T1-A,IPCHDW1431T1A,33.7647,Видеокамеры,Видеокамера Dahua DH-IPC-HDW1431T1-A,DH-IPC-HDW1431T1-A.jpeg,ok,"4 Мп купольная IP-камера c PoE и технологией обнаружения движения. Видеокамера принадлежит к серии Entry, которая сочетает эстетичный внешний вид, компактные размеры и высокую производительность. Имее"
29,DH-IPC-HDW1431T1,IPCHDW1431T1,29.1765,Видеокамеры,Видеокамера Dahua DH-IPC-HDW1431T1,DH-IPC-HDW1431T1.jpeg,ok,Уличная купольная IP-видеокамера
30,DH-IPC-HDW1439T-A-LED-S4,IPCHDW1439TALEDS4,44.7059,Видеокамеры,Видеокамера Dahua DH-IPC-HDW1439T-A-LED-S4,DH-IPC-HDW1439T-A-LED-S4.jpeg,ok,Уличная купольная IP-видеокамера Full-color
31,DH-IPC-HFW1431S1,IPCHFW1431S1,30.9412,Мониторы,Монитор Dahua DH-IPC-HFW1431S1,DH-IPC-HFW1431S1.png,ok,4-Мегапиксельная Входная ИК-камера с фиксированным фокусным расстоянием
32,DH-IPC-HFW1430DS-SAW,IPCHFW1430DSSAW,47.5529,Объективы,Объектив Dahua DH-IPC-HFW1430DS-SAW,DH-IPC-HFW1430DS-SAW.png,ok,"> 4 Мп, КМОП-матрица 1/3"", высокая чувствительность, высокое разрешение"
33,DH-IPC-HFW1431S1-A,IPCHFW1431S1A,33.7647,Видеокамеры,Видеокамера Dahua DH-IPC-HFW1431S1-A,DH-IPC-HFW1431S1-A.png,ok,Уличная цилиндрическая IP-видеокамера
34,DH-IPC-HFW1431T1P-ZS-S4,IPCHFW1431T1PZSS4,82.3529,Видеокамеры,Видеокамера Dahua DH-IPC-HFW1431T1P-ZS-S4,DH-IPC-HFW1431T1P-ZS-S4.jpeg,ok,Уличная цилиндрическая IP-видеокамера
35,DH-IPC-HFW1439S-A-LED-S4,IPCHFW1439SALEDS4,47.2353,Видеокамеры,Видеокамера Dahua DH-IPC-HFW1439S-A-LED-S4,DH-IPC-HFW1439S-A-LED-S4.jpeg,ok,Уличная цилиндрическая IP-видеокамера Full-color
36,DH-IPC-HFW1639TC-A-IL,IPCHFW1639TCAIL,43.4118,Мониторы,Монитор Dahua DH-IPC-HFW1639TC-A-IL,DH-IPC-HFW1639TC-A-IL.png,ok,6-мегапиксельная интеллектуальная сетевая камера с фиксированным фокусным расстоянием и двумя объективами
37,DH-IPC-HFW1839TC-A-IL,IPCHFW1839TCAIL,55.7647,Объективы,Объектив Dahua DH-IPC-HFW1839TC-A-IL,DH-IPC-HFW1839TC-A-IL.png,ok,1/2.7” CMOS
38,DH-IPC-HDW1839T-A-IL,IPCHDW1839TAIL,55.7647,Аудио,Микрофон Dahua DH-IPC-HDW1839T-A-IL,DH-IPC-HDW1839T-A-IL.png,ok,"> 8 Мп, КМОП-матрица 1/2.7"", высокая чувствительность, высокое разрешение"
39,"DH-IPC-HFW2431DG-4G-SP-
EAU-B",IPCHFW2431DG4GSPEAUB,217.5294,Сетевое оборудование,"Коммутатор Dahua DH-IPC-HFW2431DG-4G-SP-
EAU-B",DH-IPC-HFW2431DG-4G-SP-_EAU-B.png,ok,"4-Мегапиксельный КМОП-сенсор 1/3 "" с низкой яркостью и высокой четкостью изображения."
40,DH-IPC-HDW2449T-S-IL,IPCHDW2449TSIL,32.9412,Видеокамеры,Видеокамера Dahua DH-IPC-HDW2449T-S-IL,DH-IPC-HDW2449T-S-IL.jpeg,ok,"Уличная купольная IP-видеокамера Full-color с ИИ 4Мп; 1/2.9” CMOS; объектив 2.8мм; WDR(120дБ); чувствительность 0.008лк@F1.6 сжатие: H.265+, H.265, H.264+, H.264, MJPEG; 2 потока до 4Мп@25к/с; видеоан"
41,DH-IPC-HDW2849T-S-IL,IPCHDW2849TSIL,77.6471,Видеокамеры,Видеокамера Dahua DH-IPC-HDW2849T-S-IL,DH-IPC-HDW2849T-S-IL.jpeg,ok,Уличная купольная IP-видеокамера Full-color с ИИ
42,DH-IPC-HDW2449T-S-PRO,IPCHDW2449TSPRO,64.7059,Мониторы,Монитор Dahua DH-IPC-HDW2449T-S-PRO,DH-IPC-HDW2449T-S-PRO.png,ok,"> 4-мегапиксельная 1/1,8-дюймовая КМОП-матрица, низкая яркость и высокое разрешение изображения."
43,DH-IPC-HFW2449TL-S-PRO,IPCHFW2449TLSPRO,59.2941,Мониторы,Монитор Dahua DH-IPC-HFW2449TL-S-PRO,DH-IPC-HFW2449TL-S-PRO.png,ok,">  4-мегапиксельная 1/1,8-дюймовая КМОП-матрица, низкая яркость и высокое разрешение изображения. "
44,DH-IPC-HFW2441T-ZS,IPCHFW2441TZS,96.4706,Видеокамеры,Видеокамера Dahua DH-IPC-HFW2441T-ZS,DH-IPC-HFW2441T-ZS.jpeg,ok,Уличная цилиндрическая IP-видеокамера с ИИ
45,DH-IPC-HFW2449S-S-IL,IPCHFW2449SSIL,58.1765,Видеокамеры,Видеокамера Dahua DH-IPC-HFW2449S-S-IL,DH-IPC-HFW2449S-S-IL.jpeg,ok,"Уличная цилиндрическая IP-видеокамера Full-color с ИИ 4Мп; 1/2.9” CMOS; объектив 3.6мм; WDR(120дБ); чувствительность 0.008лк@F1.6 сжатие: H.265+, H.265, H.264+, H.264, MJPEG; 2 потока до 4Мп@25к/с; ви"
46,DH-IPC-HFW2449T-AS-IL,IPCHFW2449TASIL,64.7059,Видеокамеры,Видеокамера Dahua DH-IPC-HFW2449T-AS-IL,DH-IPC-HFW2449T-AS-IL.png,ok,Уличная цилиндрическая IP-видеокамера Full-color с ИИ
47,DH-IPC-HFW2841T-ZS,IPCHFW2841TZS,118,Видеокамеры,Видеокамера Dahua DH-IPC-HFW2841T-ZS,DH-IPC-HFW2841T-ZS.png,ok,"Уличная купольная IP-видеокамера 8Мп 1/2.7” CMOS, ICR, WDR(120дБ), чувствительность 0.008 лк@F1.5 сжатие: H.265+/H.265/H.264+/H.264/H.264B/H.264H/MJPEG,2 потока. Разрешение и скорость трансляции видео"
48,DH-IPC-HFW2849S-S-IL,IPCHFW2849SSIL,74.1176,Видеокамеры,Видеокамера Dahua DH-IPC-HFW2849S-S-IL,DH-IPC-HFW2849S-S-IL.jpeg,ok,Уличная цилиндрическая IP-видеокамера Full-color с ИИ
49,DH-IPC-HFW2849T-AS-IL,IPCHFW2849TASIL,84.9412,Видеокамеры,Видеокамера Dahua DH-IPC-HFW2849T-AS-IL,DH-IPC-HFW2849T-AS-IL.png,ok,Уличная цилиндрическая IP-видеокамера Full-color с ИИ
50,DH-IPC-HDW3441EM-S-S2,IPCHDW3441EMSS2,45.8824,Видеокамеры,Видеокамера Dahua DH-IPC-HDW3441EM-S-S2,DH-IPC-HDW3441EM-S-S2.png,ok,Уличная купольная IP-видеокамера с ИИ
51,DH-IPC-HFW3441E-S-S2,IPCHFW3441ESS2,65.7647,Видеокамеры,Видеокамера Dahua DH-IPC-HFW3441E-S-S2,DH-IPC-HFW3441E-S-S2.png,ok,Это высококачественная IP-камера от производителя DAHUA. Она оснащена 4-мегапиксельным сенсором и позволяет получать четкое и яркое изображение. Камера поддерживает технологию Power over Ethernet (PoE
52,DH-IPC-HFW3449T1-AS-PV,IPCHFW3449T1ASPV,81.1765,Видеокамеры,Видеокамера Dahua DH-IPC-HFW3449T1-AS-PV,DH-IPC-HFW3449T1-AS-PV.jpeg,ok,"Уличная цилиндрическая IP-видеокамера Full-color с ИИ и активным сдерживанием 4Мп; 1/2.7” CMOS; объектив 2.8мм; WDR(120дБ); чувствительность 0.003лк@F1.0; сжатие: H.265+, H.265, H.264+, H.264, MJPEG; "
53,DH-IPC-HFW3849T1-AS-PV,IPCHFW3849T1ASPV,156.8235,Видеокамеры,Видеокамера Dahua DH-IPC-HFW3849T1-AS-PV,DH-IPC-HFW3849T1-AS-PV.png,ok,— Уличная цилиндрическая IP-видеокамера Full-color с ИИ и активным сдерживанием.
54,DH-IPC-HFW3849T1-ZAS-PV,IPCHFW3849T1ZASPV,237.7647,Мониторы,Монитор Dahua DH-IPC-HFW3849T1-ZAS-PV,DH-IPC-HFW3849T1-ZAS-PV.png,ok,8-Мегапиксельная интеллектуальная сетевая камера WizSense с двойным освещением с переменным фокусным расстоянием
55,DH-IPC-HFW3441E-AS-S2,IPCHFW3441EASS2,86.5059,Мониторы,Монитор Dahua DH-IPC-HFW3441E-AS-S2,DH-IPC-HFW3441E-AS-S2.png,ok,Сетевая камера WizSense с 4-мегапиксельным ИК-объективом с фиксированным фокусным расстоянием
56,DH-IPC-HDW3849H-AS-PV,IPCHDW3849HASPV,140.6353,Мониторы,Монитор Dahua DH-IPC-HDW3849H-AS-PV,DH-IPC-HDW3849H-AS-PV.png,ok,8-Мегапиксельная интеллектуальная сетевая камера WizSense с двойной подсветкой и активным сдерживанием глазного яблока с фиксированным фокусным расстоянием
57,DH-IPC-HDBW3849R1-ZAS-PV,IPCHDBW3849R1ZASPV,237.7647,Мониторы,Монитор Dahua DH-IPC-HDBW3849R1-ZAS-PV,DH-IPC-HDBW3849R1-ZAS-PV.png,ok,8-Мегапиксельная интеллектуальная купольная сетевая камера WizSense с активным сдерживанием с двойным освещением с переменным фокусным расстоянием
58,DH-IPC-HFW3441DG-AS-4G-EAU-B,IPCHFW3441DGAS4GEAUB,177.6659,Видеокамеры,Видеокамера Dahua DH-IPC-HFW3441DG-AS-4G-EAU-B,DH-IPC-HFW3441DG-AS-4G-EAU-B.png,ok,4-мегапиксельная ИК-камера с фиксированным фокусным расстоянием Bullet WizSense 4G Network Camera
59,DH-IPC-HFW5442E-ZE,IPCHFW5442EZE,235.7412,Мониторы,Монитор Dahua DH-IPC-HFW5442E-ZE,DH-IPC-HFW5442E-ZE.png,ok,4-мегапиксельная ИК-сетевая камера WizMind с переменным фокусным расстоянием
60,DH-IPC-HFW5442E-ZHE,IPCHFW5442EZHE,274.1176,Мониторы,Монитор Dahua DH-IPC-HFW5442E-ZHE,DH-IPC-HFW5442E-ZHE.png,ok,4-мегапиксельная ИК-сетевая камера WizMind с переменным фокусным расстоянием
61,DH-IPC-HFW5442H-Z4HE,IPCHFW5442HZ4HE,305.5529,Мониторы,Монитор Dahua DH-IPC-HFW5442H-Z4HE,DH-IPC-HFW5442H-Z4HE.png,ok,"> 4-мегапиксельная 1/1,8-дюймовая КМОП-матрица, низкая яркость и высокое разрешение изображения. "
62,DH-IPC-PDW5849-A180-E2-ASTE,IPCPDW5849A180E2ASTE,262.0471,Мониторы,Монитор Dahua DH-IPC-PDW5849-A180-E2-ASTE,DH-IPC-PDW5849-A180-E2-ASTE.png,ok,Полноцветная сетевая камера WizMind с двойным соединением 2 × 4 Мп
63,DH-IPC-HFW7842H-Z-S2,IPCHFW7842HZS2,404.7059,Видеокамеры,Видеокамера Dahua DH-IPC-HFW7842H-Z-S2,DH-IPC-HFW7842H-Z-S2.png,ok,"8 Mп уличная IP-видеокамера с ИК-подсветкой. 1/1.8"" 8Мп CMOS; моторизированный объектив 2,7-12мм; сжатие: H.265+/H.265/H.264+/H.264/H.264B/H.264H/MJPEG; разрешение и скорость трансляции видео: 8Мп (38"
64,DHI-ITC431-RW1F-IRL8,ITC431RW1FIRL8,708.2353,Видеокамеры,Видеокамера Dahua DHI-ITC431-RW1F-IRL8,DHI-ITC431-RW1F-IRL8.png,ok,4-мегапиксельная камера с искусственным интеллектом
65,DHI-ITC413-PW4D-IZ1,ITC413PW4DIZ1,358.8235,Мониторы,Монитор Dahua DHI-ITC413-PW4D-IZ1,DHI-ITC413-PW4D-IZ1.png,ok,Камера распознавания номеров
66,DH-SD49225DB-HNY,SD49225DBHNY,235.2941,Видеокамеры,Видеокамера Dahua DH-SD49225DB-HNY,DH-SD49225DB-HNY.png,ok,"Уличная купольная PTZ IP-видеокамера 2Mп; 1/2.8” CMOS; 25x моторизованный объектив 4.8~120мм; механический ИК-фильтр; WDR(120дБ); чувствительность 0.005лк(цвет)@F1.6; сжатие: H.265+, H.265, H.264+, H."
67,DH-SD4A425DB-HNY,SD4A425DBHNY,227.0588,Видеокамеры,Видеокамера Dahua DH-SD4A425DB-HNY,DH-SD4A425DB-HNY.png,ok,"Уличная купольная PTZ IP-видеокамера 2Mп; 1/2.8” CMOS; 25x моторизованный объектив 4.8~120мм; механический ИК-фильтр; WDR(120дБ); чувствительность 0.005лк(цвет)@F1.6; сжатие: H.265+, H.265, H.264+, H."
68,DH-SD49425DB-HNY,SD49425DBHNY,247.0588,Видеокамеры,Видеокамера Dahua DH-SD49425DB-HNY,DH-SD49425DB-HNY.png,ok,4-мегапиксельная 25-кратная сетевая PTZ-камера Starlight IR 4G
69,DH-SDT6C432-4P-GB- APV-0280,SDT6C4324PGBAPV0280,708.2353,Видеокамеры,Видеокамера Dahua DH-SDT6C432-4P-GB- APV-0280,DH-SDT6C432-4P-GB-_APV-0280.png,ok,4-мегапиксельная 25-кратная сетевая панорамная PTZ-камера с двумя лампами
70,DH-SD6AL445XA-HNR-IR,SD6AL445XAHNRIR,708.2353,Видеокамеры,Видеокамера Dahua DH-SD6AL445XA-HNR-IR,DH-SD6AL445XA-HNR-IR.png,ok,4Мп сетевая PTZ-видеокамера 45x Starlight с ИК-подсветкой и функциями AI
71,DH-SD3D216NB-GNY,SD3D216NBGNY,154.0918,Видеокамеры,Видеокамера Dahua DH-SD3D216NB-GNY,DH-SD3D216NB-GNY.png,ok,2-мегапиксельная 16-кратная ИК-сетевая PTZ-камера WizSense
72,DH-SD2C400NA-B-PV-PRO,SD2C400NABPVPRO,70.1765,Видеокамеры,Видеокамера Dahua DH-SD2C400NA-B-PV-PRO,DH-SD2C400NA-B-PV-PRO.png,multi,4-мегапиксельная сетевая PT-камера WizColor WizSense
73,DH-IPC-PTS2649C-3E3Z-4GB20,IPCPTS2649C3E3Z4GB20,182.6235,Видеокамеры,Видеокамера Dahua DH-IPC-PTS2649C-3E3Z-4GB20,DH-IPC-PTS2649C-3E3Z-4GB20.png,ok,3+3 Мп WizColor гибридная зум-камера PT 4G с питанием от солнечной батареи
74,DH-KIT/BP4A-4G/M0508,KITBP4A4GM0508,174.3294,Мониторы,Монитор Dahua DH-KIT/BP4A-4G/M0508,DH-KIT_BP4A-4G_M0508.png,ok,4-мегапиксельная 4G сетевая камера с функцией панорамирования и наклона для мониторинга солнца
75,DH-SD6AL445GB-HNV-IR,SD6AL445GBHNVIR,823.5294,Видеокамеры,Видеокамера Dahua DH-SD6AL445GB-HNV-IR,DH-SD6AL445GB-HNV-IR.png,ok,4-Мегапиксельная 45-кратная ИК-сетевая PTZ-камера Starlight
76,DH-SD3C405DB-GNY-AW-PV,SD3C405DBGNYAWPV,124.4471,Видеокамеры,Видеокамера Dahua DH-SD3C405DB-GNY-AW-PV,DH-SD3C405DB-GNY-AW-PV.png,ok,4-Мегапиксельная 5-кратная интеллектуальная PTZ-камера с двойным освещением WizSense Wi-Fi Network
77,DH-SD2A400HB-GN-AGQ-PV-SP-EAU,SD2A400HBGNAGQPVSPEAU,214.4941,Видеокамеры,Видеокамера Dahua DH-SD2A400HB-GN-AGQ-PV-SP-EAU,DH-SD2A400HB-GN-AGQ-PV-SP-EAU.png,ok,4-Мегапиксельная Сетевая PT-камера 4G на солнечной энергии
78,DH-SD6CE245GB-HNR,SD6CE245GBHNR,591.8824,Видеокамеры,Видеокамера Dahua DH-SD6CE245GB-HNR,DH-SD6CE245GB-HNR.png,ok,2-Мегапиксельная 45-кратная ИК-сетевая PTZ-камера Starlight
79,DH-SDT8C842-8P-FA-APV-0280,SDT8C8428PFAAPV0280,1617.6471,Видеокамеры,Видеокамера Dahua DH-SDT8C842-8P-FA-APV-0280,DH-SDT8C842-8P-FA-APV-0280.png,ok,Панорамная PTZ-камера с двойным освещением Starlight 8MP 42x
80,DH-SD4E425GB-HNR-A-PV1,SD4E425GBHNRAPV1,336.9176,Видеокамеры,Видеокамера Dahua DH-SD4E425GB-HNR-A-PV1,DH-SD4E425GB-HNR-A-PV1.png,ok,4-Мегапиксельная 25-кратная ИК-камера Starlight WizSense Network PTZ
81,DH-SDT6C425-4P-GB-APV-0280,SDT6C4254PGBAPV0280,1720,Видеокамеры,Видеокамера Dahua DH-SDT6C425-4P-GB-APV-0280,DH-SDT6C425-4P-GB-APV-0280.png,ok,Панорамная PTZ-камера Smart с двойным освещением 4 Мп 25×
82,DH-SD8C260PA1-HNF,SD8C260PA1HNF,2000,Видеокамеры,Видеокамера Dahua DH-SD8C260PA1-HNF,DH-SD8C260PA1-HNF.png,ok,2-мегапиксельная сетевая PTZ-камера Starlight с 60-кратным ИК-подсветкой.
83,DH-SDT6C432-4P-GB-APV-0280,SDT6C4324PGBAPV0280,591.7647,Видеокамеры,Видеокамера Dahua DH-SDT6C432-4P-GB-APV-0280,DH-SDT6C432-4P-GB-APV-0280.png,ok,Двойная PTZ IP-видеокамера
84,DHI-VTH2621G-P,VTH2621GP,61.1765,Домофоны,Видеодомофон Dahua DHI-VTH2621G-P,DHI-VTH2621G-P.png,ok,"Видеодомофон IP 7 дюймовый, черный1024x600 разрешение, ёмкостной сенсорный экран; тревожные входы / выходы 6/1; LAN; Возможность просмотра IP видеокамер; Питание: DC 12В/PoE; Габаритные размеры: 190 м"
85,DHI-VTH2621GW-P,VTH2621GWP,58.8235,Домофоны,Видеодомофон Dahua DHI-VTH2621GW-P,DHI-VTH2621GW-P.jpeg,ok,"Видеодомофон IP 7 дюймовый, белый 1024x600 разрешение, ёмкостной сенсорный экран; тревожные входы / выходы 6/1; LAN; Возможность просмотра IP видеокамер; Питание: DC 12В/PoE; Габаритные размеры: 190 м"
86,DHI-VTH2621GW-WP,VTH2621GWWP,63.5294,Домофоны,Видеодомофон Dahua DHI-VTH2621GW-WP,DHI-VTH2621GW-WP.jpeg,ok,"Видеодомофон IP 7 дюймовый, белый 1024x600 разрешение, ёмкостной сенсорный экран; тревожные входы / выходы 6/1; LAN; Возможность просмотра IP видеокамер; Питание: DC 12В/PoE; Габаритные размеры: 190 м"
87,DHI-VTH5321GW-W,VTH5321GWW,123.5294,Домофоны,Домофон Dahua DHI-VTH5321GW-W,DHI-VTH5321GW-W.png,ok,"Цифровой домофон с 7-дюймовым экраном на операционной системе Android. ОС Android 8.1. Более удобный пользовательский интерфейс. Ethernet и Wi-Fi. 7-дюймовый емкостной сенсорный дисплей TFT,1024x600. "
88,DHI-VTH5341G-W,VTH5341GW,158.8235,Домофоны,Видеодомофон Dahua DHI-VTH5341G-W,DHI-VTH5341G-W.png,ok,"Монитор видеодомофона IP 10-и дюймовый WiFi 2.4ГГц, черный 1024x600 разрешение, ёмкостной сенсорный экран; тревожные входы / выходы 8/1; LAN; поддержка micro-SD до 265Гб; Возможность просмотра IP виде"
89,DHI-VTO2101E-P-S2,VTO2101EPS2,80,Видеокамеры,Видеокамера Dahua DHI-VTO2101E-P-S2,DHI-VTO2101E-P-S2.jpeg,ok,"> Видеокамера 2 Мп, КМОП-матрица"
90,DHI-VTO2111D-P-S2,VTO2111DPS2,45.8824,Вызывные панели,Вызывная панель Dahua DHI-VTO2111D-P-S2,DHI-VTO2111D-P-S2.png,ok,"Вызывная панель с разрешением камеры 1мп и CMOS сенсором, WDR, угол обзора по горизонтали 107 градусов, черная, уровень защиты IP65.Поддержка режима ""Ночь"" и голосового оповещения. Групповые вызовы. В"
91,DHI-VTO2111D-P-S3,VTO2111DPS3,57.0588,Домофоны,Домофон Dahua DHI-VTO2111D-P-S3,DHI-VTO2111D-P-S3.jpeg,ok,IP-домофон Villa
92,DHI-VTO2311R-WP,VTO2311RWP,56.6588,Вызывные панели,Вызывная панель Dahua DHI-VTO2311R-WP,DHI-VTO2311R-WP.png,ok,"Вызывная WiFI панель с разрешением камеры 2мп и WDR, угол обзора по горизонтали 110°, уровень защиты IP65. Wi-Fi 802.11b/g/n; Mifare; Слот для SD карты до 256Гб. Удаленный доступ через мобильное прило"
93,DHI-VTO6221E-P,VTO6221EP,182.3529,Не определена,Устройство Dahua DHI-VTO6221E-P,DHI-VTO6221E-P.jpeg,ok,"2MP CMOS camera, H:140°. 2.3' OLED. Aluminum. Door released by card/password. SIP protocal. Тератек — официальный Золотой партнер Dahua в России. Покупая IP вызывные панели Dahua DHI-VTO6221E-P в ТЕРА"
94,DHI-VTO6222E-P,VTO6222EP,161.8824,Видеокамеры,Видеокамера Dahua DHI-VTO6222E-P,DHI-VTO6222E-P.png,ok,"> Очень прочный и элегантный, изготовлен из алюминиевой панели и имеет механическую клавиатуру."
95,DHI-ASI3213A-W,ASI3213AW,85.1176,Видеокамеры,Видеокамера Dahua DHI-ASI3213A-W,DHI-ASI3213A-W.png,ok,AI терминал доступа с распознаванием лиц c Wi-Fi
96,DHI-ASI6213S-PW,ASI6213SPW,151.7647,Дисплеи,Дисплей Dahua DHI-ASI6213S-PW,DHI-ASI6213S-PW.jpeg,ok,AI терминал учета рабочего времени и контроля доступа с распознаванием лиц и Wi-Fi.
97,DH-ASI7213S-W,ASI7213SW,263.5344,Дисплеи,Дисплей Dahua DH-ASI7213S-W,DH-ASI7213S-W.png,ok,AI терминал учета рабочего времени и контроля доступа с распознаванием лиц и Wi-Fi. В устройстве применяется алгоритм распознавания лиц глубокого обучения. Поддерживает открытие через распознавание ли
98,DHI-VTH8621KMS-WP,VTH8621KMSWP,118.3765,Домофоны,Домофон Dahua DHI-VTH8621KMS-WP,DHI-VTH8621KMS-WP.png,ok,Внутренний монитор с поддержкой IP и Wi-Fi
99,DHI-VTH8641KMS-WP,VTH8641KMSWP,160.7059,Домофоны,Домофон Dahua DHI-VTH8641KMS-WP,DHI-VTH8641KMS-WP.png,ok,Внутренний монитор с поддержкой IP и Wi-Fi
100,DHI-VTH2421FW,VTH2421FW,100.2659,Домофоны,Видеодомофон Dahua DHI-VTH2421FW,DHI-VTH2421FW.png,ok,Dahua VTH2421FW - это 7-дюймовым IP видеодомофон с разрешением дисплея 1024 на 600 пикселей. Управление осуществляется через сенсорный экран. Устройство оснащено встроенным микрофоном и динамиком для 
101,DHI-VTH5441G,VTH5441G,147.7176,Мониторы,Монитор Dahua DHI-VTH5441G,DHI-VTH5441G.png,ok,IP-монитор для помещений
102,DHI-VTH2611L-WP,VTH2611LWP,48.9529,Мониторы,Монитор Dahua DHI-VTH2611L-WP,DHI-VTH2611L-WP.png,ok,Внутренний IP- и Wi-Fi-монитор
103,DHI-KTH01,KTH01,94.1245,Домофоны,Видеодомофон Dahua DHI-KTH01,DHI-KTH01.png,ok,КОМПЛЕКТ видеодомофона
104,DHI-KTW02,KTW02,114.3294,Мониторы,Монитор Dahua DHI-KTW02,DHI-KTW02.png,ok,Дверная станция виллы с Wi-Fi и IP-монитор в помещении
105,DHI-NVD1205DH-4I-4K,NVD1205DH4I4K,2682.3529,Дисплеи,Дисплей Dahua DHI-NVD1205DH-4I-4K,DHI-NVD1205DH-4I-4K.png,ok,Сетевой видеодекодер Ultra-HD
106,DHI-NVD1505DH-4I-4K,NVD1505DH4I4K,2776.4706,Дисплеи,Дисплей Dahua DHI-NVD1505DH-4I-4K,DHI-NVD1505DH-4I-4K.png,ok,"> Стандартный корпус 2,5 U, элегантный внешний вид"
107,DHI-NVR1104HS-S3/H,NVR1104HSS3H,29.8824,Видеорегистраторы,Видеорегистратор Dahua DHI-NVR1104HS-S3/H,DHI-NVR1104HS-S3_H.jpeg,ok,— 4-канальный IP-видеорегистратор 4K и H.265+.
108,DHI-NVR1108HS-S3/H,NVR1108HSS3H,35.0588,Видеорегистраторы,Видеорегистратор Dahua DHI-NVR1108HS-S3/H,DHI-NVR1108HS-S3_H.png,ok,"8-канальный IP-видеорегистратор 4K и H.265+ Входящий поток до 80Мбит/с; сжатие: H.265+, H.265, H.264+, H.264, MJPEG; разрешение записи до 8Мп; накопители: 1 SATA III до 8Тбайт; воспроизведение: 4кн@10"
109,DHI-NVR2104HS-I2,NVR2104HSI2,68.5976,Видеорегистраторы,Видеорегистратор Dahua DHI-NVR2104HS-I2,DHI-NVR2104HS-I2.jpeg,ok,"4-канальный IP-видеорегистратор с PoE, 4K и H.265+, ИИ"
110,DHI-NVR2104-4KS3,NVR21044KS3,42.7059,Видеорегистраторы,Видеорегистратор Dahua DHI-NVR2104-4KS3,DHI-NVR2104-4KS3.png,ok,4-канальный интеллектуальный сетевой видеомагнитофон 1U 1HDD  Формат декодирования Smart H.265 + / H.265 / Smart H.264 + / H.264
111,DHI-NVR2108HS-I2,NVR2108HSI2,72.9412,Видеорегистраторы,Видеорегистратор Dahua DHI-NVR2108HS-I2,DHI-NVR2108HS-I2.jpeg,ok,"8-канальный IP-видеорегистратор с PoE, 4K, H.265+, ИИ"
112,DHI-NVR2108-4KS3,NVR21084KS3,45.6471,Видеорегистраторы,Видеорегистратор Dahua DHI-NVR2108-4KS3,DHI-NVR2108-4KS3.png,ok,8-канальный сетевой видеорегистратор Smart 1U 1HDD Lite
113,DHI-NVR2108-S3,NVR2108S3,49.5765,Видеокамеры,Видеокамера Dahua DHI-NVR2108-S3,DHI-NVR2108-S3.jpeg,ok,> Формат декодирования Smart H.265 +/H.265/ Smart H.264 +/ H.264
114,DHI-NVR2116-4KS3,NVR21164KS3,57.4118,Не определена,Устройство Dahua DHI-NVR2116-4KS3,DHI-NVR2116-4KS3.png,ok,"> Поддерживает форматы декодирования Smart H.265+, H.265, Smart H.264+, H.264 и MJPEG."
115,DHI-NVR2116-S3,NVR2116S3,61.1814,Видеорегистраторы,Видеорегистратор Dahua DHI-NVR2116-S3,DHI-NVR2116-S3.png,ok,Видеорегистратор IP 16 канальный 6Мп; Входящий поток на запись: до 80Мбит/с; Запись : разрешение до 12Мп; HDD: 1 SATA3 до 16Тб; декодирование: 1-кн 12MP@30 fps; 1-кн 8MP@30 fps; 2-кн 5MP@30 fps; 3-кн 
116,DHI-NVR4104-4KS2/L,NVR41044KS2L,46.1365,Видеорегистраторы,Видеорегистратор Dahua DHI-NVR4104-4KS2/L,DHI-NVR4104-4KS2_L.png,ok,"4-канальный IP-видеорегистратор 4K и H.265+ Входящий поток до 80Мбит/с; сжатие: H.265+, H.265, H.264+, H.264, MJPEG; разрешение записи до 8Мп; накопители: 1 SATA III до 10Тбайт; воспроизведение: 4кн@1"
117,DHI-NVR4104-4KS3,NVR41044KS3,49.6471,Видеорегистраторы,Видеорегистратор Dahua DHI-NVR4104-4KS3,DHI-NVR4104-4KS3.png,ok,4-канальный сетевой видеомагнитофон Smart 1U 1HDD Lite
118,DHI-NVR4108-4KS2/L,NVR41084KS2L,58.48,Видеорегистраторы,Видеорегистратор Dahua DHI-NVR4108-4KS2/L,DHI-NVR4108-4KS2_L.png,ok,8-канальный интеллектуальный сетевой видеомагнитофон 1U 1HDD
119,DHI-NVR4108-4KS3,NVR41084KS3,61.2118,Видеорегистраторы,Видеорегистратор Dahua DHI-NVR4108-4KS3,DHI-NVR4108-4KS3.png,ok,8-канальный сетевой видеомагнитофон Smart 1U 1HDD Lite
120,DHI-NVR4116-4KS2/L,NVR41164KS2L,73.7576,Видеорегистраторы,Видеорегистратор Dahua DHI-NVR4116-4KS2/L,DHI-NVR4116-4KS2_L.png,ok,"16-канальный IP-видеорегистратор 4K и H.265+ Входящий поток до 80Мбит/с; сжатие: H.265+, H.265, H.264+, H.264; разрешение записи до 8Мп; накопители: 1 SATA III до 6Тбайт; воспроизведение: 16кн@720p ви"
121,DHI-NVR4116-4KS3,NVR41164KS3,64.9412,Видеорегистраторы,Видеорегистратор Dahua DHI-NVR4116-4KS3,DHI-NVR4116-4KS3.png,ok,16-Канальный сетевой видеомагнитофон Smart 1U 1HDD Lite
122,DHI-NVR4216-4KS2/L,NVR42164KS2L,82.2565,Видеорегистраторы,Видеорегистратор Dahua DHI-NVR4216-4KS2/L,DHI-NVR4216-4KS2_L.jpeg,ok,"16-канальный IP-видеорегистратор 4K и H.265+ Входящий поток до 160Мбит/с; сжатие: H.265+, H.265, H.264+, H.264; разрешение записи до 8Мп; накопители: 2 SATA III до 10Тбайт; воспроизведение: 8кн@1080p "
123,DHI-NVR4232-EI,NVR4232EI,152.9788,Видеорегистраторы,Видеорегистратор Dahua DHI-NVR4232-EI,DHI-NVR4232-EI.png,ok,Сетевой видеорегистратор WizSense 32CH 1U 2HDD
124,DHI-NVR4232-4KS3,NVR42324KS3,130.2353,Видеорегистраторы,Видеорегистратор Dahua DHI-NVR4232-4KS3,DHI-NVR4232-4KS3.png,ok,"32-канальный IP-видеорегистратор 4K и H.265+. Входящий поток до 160Мбит/с; сжатие: Н.265+/H.265+, H.265, H.264+, H.264+/H.264; разрешение записи до 12Мп; накопители: 2 SATA III до 20Тбайт; воспроизвед"
125,DHI-NVR4216-4KS3,NVR42164KS3,90.8235,Видеорегистраторы,Видеорегистратор Dahua DHI-NVR4216-4KS3,DHI-NVR4216-4KS3.png,ok,16-Канальный Сетевой Видеомагнитофон 1U 2HDDs Lite
126,DHI-NVR4432-EI,NVR4432EI,277.6282,Видеорегистраторы,Видеорегистратор Dahua DHI-NVR4432-EI,DHI-NVR4432-EI.png,ok,Видеорегистратор IP 32-х канальный с ИИ с PoE
127,DHI-NVR4832-EI,NVR4832EI,426.9647,Видеорегистраторы,Видеорегистратор Dahua DHI-NVR4832-EI,DHI-NVR4832-EI.png,ok,Видеорегистратор IP 32-х канальный с ИИ
128,DHI-NVR5232-EI,NVR5232EI,235.2353,Видеорегистраторы,Видеорегистратор Dahua DHI-NVR5232-EI,DHI-NVR5232-EI.jpeg,ok,"32-канальный IP-видеорегистратор 4K, H.265+ и ИИ"
129,DHI-NVR5432-EI,NVR5432EI,470,Видеорегистраторы,Видеорегистратор Dahua DHI-NVR5432-EI,DHI-NVR5432-EI.jpeg,ok,"32-канальный IP-видеорегистратор 4K, H.265+ и ИИ Входящий поток до 384Мбит/с; сжатие: H.265+, H.265, H.264+, H.264, MJPEG; разрешение записи до 32Мп; накопители: 4 SATA III до 16Тбайт; воспроизведение"
130,DHI-NVR5464-EI,NVR5464EI,446.9976,Видеорегистраторы,Видеорегистратор Dahua DHI-NVR5464-EI,DHI-NVR5464-EI.png,ok,"64-канальный IP-видеорегистратор 4K, H.265+ и ИИ. Входящий поток до 384Мбит/с; сжатие: H.265+, H.265, H.264+, H.264, MJPEG; разрешение записи до 32Мп; накопители: 4 SATA III до 16Тбайт; RAID 0/1/5/6/1"
131,DHI-NVR5464-EI2,NVR5464EI2,564.7,Не определена,Устройство Dahua DHI-NVR5464-EI2,DHI-NVR5464-EI2.png,ok,"> Поддерживает форматы декодирования Smart H.265+, H.265, Smart H.264+, H.264 и MJPEG."
132,DHI-NVR5832-EI,NVR5832EI,507.9059,Видеорегистраторы,Видеорегистратор Dahua DHI-NVR5832-EI,DHI-NVR5832-EI.png,ok,Видеорегистратор IP 32-х канальный с ИИ
133,DHI-NVR5864-EI,NVR5864EI,623.5506,Видеорегистраторы,Видеорегистратор Dahua DHI-NVR5864-EI,DHI-NVR5864-EI.jpeg,ok,"64-канальный IP-видеорегистратор 4K, H.265+ и ИИ Входящий поток до 384Мбит/с; сжатие: H.265+, H.265, H.264+, H.264, MJPEG; разрешение записи до 32Мп; накопители: 8 SATA III до 16Тбайт; RAID 0/1/5/6/10"
134,DHI-NVR5864-EI2,NVR5864EI2,823.5,Не определена,Устройство Dahua DHI-NVR5864-EI2,DHI-NVR5864-EI2.png,ok,"> Поддерживает форматы декодирования Smart H.265+, H.265, Smart H.264+, H.264 и MJPEG."
135,DHI-NVR616H-128-XI,NVR616H128XI,1764.7059,Видеорегистраторы,Видеорегистратор Dahua DHI-NVR616H-128-XI,DHI-NVR616H-128-XI.png,ok,"Сетевой видеорегистратор WizMind 128 каналов, 3U, 16 жестких дисков"
136,DH-SF1008L,SF1008L,7,Сетевое оборудование,Коммутатор Dahua DH-SF1008L,DH-SF1008L.png,ok,8-портовый неуправляемый коммутатор Ethernet
137,DH-PFS3005-5ET-L,PFS30055ETL,3.5412,Сетевое оборудование,Коммутатор Dahua DH-PFS3005-5ET-L,DH-PFS3005-5ET-L.jpeg,ok,> Компактная конструкция. Миниатюрный размер и легкий вес обеспечивают простоту коммутатора в эксплуатации
138,DH-PFS3005-5GT-L,PFS30055GTL,7.0824,Сетевое оборудование,Коммутатор Dahua DH-PFS3005-5GT-L,DH-PFS3005-5GT-L.png,ok,"Сетевое оборудование, модемы\Коммутаторы, Беспроводное оборудование, Медиа конвертеры, Принт-серверы\DAHUA - Коммутаторы"
139,DH-CS4006-4ET2GT-36,CS40064ET2GT36,25.5976,Сетевое оборудование,Коммутатор Dahua DH-CS4006-4ET2GT-36,DH-CS4006-4ET2GT-36.png,ok,6-портовый облачный управляемый настольный коммутатор с 4 портами PoE
140,DH-PFS3008-8ET-L,PFS30088ETL,5.8682,Сетевое оборудование,Коммутатор Dahua DH-PFS3008-8ET-L,DH-PFS3008-8ET-L.jpeg,ok,> Поддерживает восемь адаптивных портов 10/100 Мбит/с.
141,DH-PFS3008-8GT-L,PFS30088GTL,9.4094,Сетевое оборудование,Коммутатор Dahua DH-PFS3008-8GT-L,DH-PFS3008-8GT-L.jpeg,ok,"Сетевое оборудование, модемы\Коммутаторы, Беспроводное оборудование, Медиа конвертеры, Принт-серверы\DAHUA - Коммутаторы"
142,DH-PFS3010-8ET-65,PFS30108ET65,33.8941,Сетевое оборудование,Коммутатор Dahua DH-PFS3010-8ET-65,DH-PFS3010-8ET-65.jpeg,ok,"8-портовый неуправляемый коммутатор с РоЕ Порты: 8 RJ45 10/100Мбит/с (PoE/PoE+), 2 RJ45 10/100Мбит/с (uplink); мощность PoE: порты 1~8 до 30Вт, суммарно до 65Вт; питание: 100~240В(AC)"
143,DH-PFS3218-16ET-135,PFS321816ET135,108.2094,Сетевое оборудование,Коммутатор Dahua DH-PFS3218-16ET-135,DH-PFS3218-16ET-135.png,ok,"16-портовый неуправляемый коммутатор с РоЕ Порты: 16 RJ45 10/100Мбит/с (PoE/PoE+), 2 комбинированных SFP/RJ45 10/100/1000Мбит/с (uplink); мощность PoE: порты 1~2 до 60Вт, порты 3~16 до 30Вт, суммарно "
144,DH-PFS3226-24ET-240,PFS322624ET240,131.7647,Сетевое оборудование,Коммутатор Dahua DH-PFS3226-24ET-240,DH-PFS3226-24ET-240.jpeg,multi,"24-портовый неуправляемый коммутатор с РоЕ Порты: 24 RJ45 10/100Мбит/с (PoE/PoE+), 2 комбинированных SFP/RJ45 10/100/1000Мбит/с (uplink); мощность PoE: порты 1~2 до 60Вт, порты 3~24 до 30Вт, суммарно "
145,DH-PFS3009-8ET-65,PFS30098ET65,32.3765,Сетевое оборудование,Коммутатор Dahua DH-PFS3009-8ET-65,DH-PFS3009-8ET-65.png,ok,8-портовый коммутатор PoE (неуправляемый)
146,DH-PFS3110-8ET-96,PFS31108ET96,72.9412,Сетевое оборудование,Коммутатор Dahua DH-PFS3110-8ET-96,DH-PFS3110-8ET-96.png,ok,10-портовый неуправляемый настольный коммутатор с 8-портовым PoE
147,DH-CS4010-8ET-60,CS40108ET60,37.6471,Сетевое оборудование,Коммутатор Dahua DH-CS4010-8ET-60,DH-CS4010-8ET-60.png,ok,8-портовый настольный 100-мегабитный коммутатор с облачным управлением и PoE
148,DH-CS4010-8ET2GT-60,CS40108ET2GT60,35.2941,Мониторы,Монитор Dahua DH-CS4010-8ET2GT-60,DH-CS4010-8ET2GT-60.png,ok,10-портовый облачный управляемый настольный коммутатор с 8 портами PoE
149,DH-S3006-4ET-36,S30064ET36,15.8824,Сетевое оборудование,Коммутатор Dahua DH-S3006-4ET-36,DH-S3006-4ET-36.jpeg,ok,Поддержка четырех портов питания PoE 10/100M и двух портов восходящей связи 10/100M
150,DH-S3010-8ET2ET-60,S30108ET2ET60,22.3529,Сетевое оборудование,Коммутатор Dahua DH-S3010-8ET2ET-60,DH-S3010-8ET2ET-60.png,ok,Количество портов: 8x Fast Ethernet PoE (10/100 Мбит/с) + 2x Fast Ethernet uplink
151,DH-XVR1B04H-I,XVR1B04HI,32.2753,Видеорегистраторы,Видеорегистратор Dahua DH-XVR1B04H-I,DH-XVR1B04H-I.png,ok,4-Канальный Цифровой Видеомагнитофон Penta-brid 5M-N/1080p Cooper 1U 1HDD WizSense
152,DH-XVR1B04-I,XVR1B04I,29.3412,Видеорегистраторы,Видеорегистратор Dahua DH-XVR1B04-I,DH-XVR1B04-I.png,ok,Цифровой видеомагнитофон Penta-brid с 4 каналами 1080N / 720P Cooper 1U 1HDD
153,DH-XVR1B04-I/T,XVR1B04IT,25.5882,Видеокамеры,Видеокамера Dahua DH-XVR1B04-I/T,DH-XVR1B04-I_T.png,ok,"> *Версия, совместимая с облаком Dolynk: DMSS V2.0.1 и выше, Dolynk Care V2.5.1 и выше."
154,DH-XVR1B08H-I,XVR1B08HI,52.9412,Видеорегистраторы,Видеорегистратор Dahua DH-XVR1B08H-I,DH-XVR1B08H-I.jpeg,ok,"8-канальный HDCVI-видеорегистратор c SMD Формат видеосигнала: HDCVI, AHD, TVI, IP, CVBS; отображение: до 5Мп; запись: до 5M-N@10к/с, 1080P@15к/с, 1080N@25к/с; кодирование: AI-Coding, H.265+, H.265, H."
155,DH-XVR1B08-I/T,XVR1B08IT,39.4588,Видеокамеры,Видеокамера Dahua DH-XVR1B08-I/T,DH-XVR1B08-I_T.png,ok,"> *Версия, совместимая с облаком Dolynk: DMSS V2.0.1 и выше, Dolynk Care V2.5.1 и выше."
156,DH-XVR1B08-I,XVR1B08I,34.9059,Видеорегистраторы,Видеорегистратор Dahua DH-XVR1B08-I,DH-XVR1B08-I.jpeg,ok,"8-канальный HDCVI-видеорегистратор c SMD Формат видеосигнала: HDCVI, AHD, TVI, IP, CVBS; отображение: до 1080p; запись: 1кн до 1080N@25к/с, 2-8кн 1080N@15к/с ; кодирование: AI-Coding, H.265+, H.265, H"
157,DH-XVR1B16-I,XVR1B16I,59.8965,Видеорегистраторы,Видеорегистратор Dahua DH-XVR1B16-I,DH-XVR1B16-I.jpeg,ok,"16-канальный HDCVI-видеорегистратор c SMD Формат видеосигнала: HDCVI, AHD, TVI, IP, CVBS; отображение: до 1080p; запись: 1кн до 1080N@25к/с, 2-16кн 1080N@15к/с ; кодирование: AI-Coding, H.265+, H.265,"
158,DH-XVR1B16-I/T,XVR1B16IT,59.8965,Видеорегистраторы,Видеорегистратор Dahua DH-XVR1B16-I/T,DH-XVR1B16-I_T.jpeg,ok,"16-канальный HDCVI-видеорегистратор c SMD Формат видеосигнала: HDCVI, AHD, TVI, IP, CVBS; отображение: до 1080p; запись: 1кн до 1080N@25к/с, 2-16кн 1080N@15к/с ; кодирование: AI-Coding, H.265+, H.265,"
159,DH-XVR5116HS-I3,XVR5116HSI3,118,Видеорегистраторы,Видеорегистратор Dahua DH-XVR5116HS-I3,DH-XVR5116HS-I3.jpeg,ok,"16-канальный HDCVI-видеорегистратор с FR Формат видеосигнала: HDCVI, AHD, TVI, IP, CVBS; отображение: до 5Мп; запись: до 5M-N@10к/с, 1080N@25к/с; кодирование: AI/H.265+, H.265, H.264+, H.264; IP-канал"
160,DH-XVR5232AN-I3,XVR5232ANI3,202.3529,Видеорегистраторы,Видеорегистратор Dahua DH-XVR5232AN-I3,DH-XVR5232AN-I3.jpeg,ok,"32-канальный HDCVI-видеорегистратор с FR Формат видеосигнала: HDCVI, AHD, TVI, IP, CVBS; отображение: до 5Мп; запись: до 5M-N@10к/с, 1080N@25к/с; кодирование: AI/H.265+, H.265, H.264+, H.264; IP-канал"
161,DH-XVR5104C-I3,XVR5104CI3,41.4824,Видеорегистраторы,Видеорегистратор Dahua DH-XVR5104C-I3,DH-XVR5104C-I3.jpeg,nearest,4-канальный пентабридный 5-мегапиксельный интеллектуальный цифровой видеорегистратор Value/1080P 1U 1HDD WizSense
162,DH-XVR5108C-I3,XVR5108CI3,58.6824,Видеорегистраторы,Видеорегистратор Dahua DH-XVR5108C-I3,DH-XVR5108C-I3.png,ok,8-канальный пентабридный 5-мегапиксельный интеллектуальный цифровой видеорегистратор WizSense Value/1080P 1U 1SSD 1 ТБ
163,DH-CS4218-16ET-135,CS421816ET135,114.3294,Сетевое оборудование,Коммутатор Dahua DH-CS4218-16ET-135,DH-CS4218-16ET-135.png,ok,18-портовый облачный управляемый настольный коммутатор с 16-портовым PoE
164,DH-CS4218-16ET-190,CS421816ET190,117.6682,Сетевое оборудование,Коммутатор Dahua DH-CS4218-16ET-190,DH-CS4218-16ET-190.png,multi,18-портовый облачный управляемый настольный коммутатор с 16-портовым PoE
165,DH-CS4218-16ET-240,CS421816ET240,129.5059,Мониторы,Монитор Dahua DH-CS4218-16ET-240,DH-CS4218-16ET-240.png,ok,18-портовый облачный управляемый настольный коммутатор с 16-портовым PoE
166,DH-CS4220-16GT-190,CS422016GT190,164.7153,Не определена,Устройство Dahua DH-CS4220-16GT-190,DH-CS4220-16GT-190.png,ok,"> Соответствует требованиям стандартов IEEE802.3, IEEE802.3u, IEEE802.3x, IEEE802.3ab, IEEE802.3z."
167,DH-CS4226-24ET-240,CS422624ET240,147.1106,Сетевое оборудование,Коммутатор Dahua DH-CS4226-24ET-240,DH-CS4226-24ET-240.png,ok,26-портовый облачный управляемый настольный коммутатор с 24-портовым PoE
168,DH-CS4226-24ET-375,CS422624ET375,161.1741,Сетевое оборудование,Коммутатор Dahua DH-CS4226-24ET-375,DH-CS4226-24ET-375.png,multi,26-портовый облачный управляемый настольный коммутатор с 24-портовым PoE
169,DH-CS4228-24GT-240,CS422824GT240,211.7647,Сетевое оборудование,Коммутатор Dahua DH-CS4228-24GT-240,DH-CS4228-24GT-240.png,ok,28-портовый облачный управляемый настольный гигабитный коммутатор с 24-портовым PoE
170,DHI-ASC2202B-D,ASC2202BD,52.9412,Детекторы и датчики,Датчик Dahua DHI-ASC2202B-D,DHI-ASC2202B-D.jpeg,ok,Контроллер на 2 двери (2-сторонний доступ) > Поддержка TCP/IP > Протоколы связи: RS-485 и Wiegand (W26 и W34) > Ёмкость: 100 000 пользователей. До 500 000 записей о считывании карт > Поддержка блокиро
171,DHI-ASM100,ASM100,30.3529,Не определена,Устройство Dahua DHI-ASM100,DHI-ASM100.png,ok,"USB устройство для выпуска карт стандарта Mifare, частота 13.56 МГц. Дальность считывания 3-8 см. Когда карта успешно выдана, включаются светодиодная индикация и звучит сигнал зуммера. Модель коммутир"
172,DHI-ASR1200E,ASR1200E,10.6,СКУД,Считыватель Dahua DHI-ASR1200E,DHI-ASR1200E.jpeg,ok,"Водонепроницаемый RFID-считыватель > Wiegand34 (26 дополнительных) бит протокола RS-485 > 13,56 МГц (Mifare) > 125 кГц (EM-ID) > Водонепроницаемый дизайн > Красный, синий и зеленый светодиодные индика"
173,DHI-ASI1201M-ME,ASI1201MME,60.4024,Серверы и ПО,Платформа Dahua DHI-ASI1201M-ME,DHI-ASI1201M-ME.png,ok,"> Передняя часть корпуса изготовлена из цинкового сплава, а задняя — из пластика."
174,DHI-ASR2100H,ASR2100H,10.1176,Сетевое оборудование,Коммутатор Dahua DHI-ASR2100H,DHI-ASR2100H.png,multi,> Считывание карты для открытия двери
175,DHI-ASI2212J,ASI2212J,55.2424,Дисплеи,Дисплей Dahua DHI-ASI2212J,DHI-ASI2212J.png,ok,"> 2,4-дюймовый TFT-дисплей с разрешением 240 × 320."
176,DH-P4F-PV-4G,P4FPV4G,76,Мониторы,Монитор Dahua DH-P4F-PV-4G,DH-P4F-PV-4G.jpeg,nearest,4-мегапиксельная уличная сетевая камера Wizcolor с фиксированным фокусом и функцией панорамирования и наклона 4G
177,DH-P3AE-PV-4G,P3AEPV4G,47.5294,Видеокамеры,Видеокамера Dahua DH-P3AE-PV-4G,DH-P3AE-PV-4G.jpeg,ok,3-мегапиксельная сетевая камера 4G с фиксированным фокусным расстоянием и функцией панорамирования и наклона
178,DH-P3AS-PV,P3ASPV,47.0471,Видеокамеры,Видеокамера Dahua DH-P3AS-PV,DH-P3AS-PV.png,ok,3-мегапиксельная уличная сетевая Wi-Fi-камера с фиксированным фокусом и функцией панорамирования и наклона
179,P3D-3F-PV-4G,P3D3FPV4G,75,Видеокамеры,Видеокамера Dahua P3D-3F-PV-4G,P3D-3F-PV-4G.png,ok,3+3 МП наружная двухобъективная панорамная и наклонная 4G-камера
180,DH-P5AE-PV-4G,P5AEPV4G,55.2941,Видеокамеры,Видеокамера Dahua DH-P5AE-PV-4G,DH-P5AE-PV-4G.png,ok,5-мегапиксельная сетевая камера 4G с фиксированным фокусным расстоянием и функцией панорамирования и наклона
181,DH-P5AE-PV,P5AEPV,50.0824,Видеокамеры,Видеокамера Dahua DH-P5AE-PV,DH-P5AE-PV.png,ok,"Серия компактных PT-видеокамер Active Defense задает новые стандарты эффективности. После обнаружения проникновения в охраняемую зону видеокамера включает звуковую и световую сигнализацию, а затем мгн"
182,DH-H2A,H2A,30.3529,Аудио,Микрофон Dahua DH-H2A,DH-H2A.png,ok,"> 2 Мп, КМОП-матрица 1/3.2"", высокая чувствительность, высокое разрешение"
183,DH-F4C-LED,F4CLED,48.5647,Объективы,Объектив Dahua DH-F4C-LED,DH-F4C-LED.png,ok,"> 4 Мп, КМОП-матрица 1/3"", высокая чувствительность, высокое разрешение"
184,DH-T2A-PV,T2APV,47.5529,Объективы,Объектив Dahua DH-T2A-PV,DH-T2A-PV.png,ok,"> 2 Мп, КМОП-матрица 1/3"", высокая чувствительность, высокое разрешение"
185,DH-P3AE-PV,P3AEPV,43.5059,Не определена,Устройство Dahua DH-P3AE-PV,DH-P3AE-PV.png,ok,"Серия небольших PT-камер Active Defense поднимает планку производительности. После обнаружения вторжения он срабатывает звуковую и световую сигнализацию, а затем"
186,DH-T2A-LED,T2ALED,43.5059,Объективы,Объектив Dahua DH-T2A-LED,DH-T2A-LED.png,ok,"> 2 Мп, КМОП-матрица 1/3"", высокая чувствительность, высокое разрешение"
187,DH-F2C-PV,F2CPV,47.5529,Видеокамеры,Видеокамера Dahua DH-F2C-PV,DH-F2C-PV.png,ok,2-мегапиксельная сетевая камера Wi-Fi Bullet с фиксированным фокусным расстоянием
188,DH-F2C-LED,F2CLED,43.5059,Видеокамеры,Видеокамера Dahua DH-F2C-LED,DH-F2C-LED.png,ok,2-мегапиксельная сетевая камера Wi-Fi Bullet с фиксированным фокусным расстоянием
189,DH-H2C,H2C,31.3647,Мониторы,Монитор Dahua DH-H2C,DH-H2C.png,ok,2-Мегапиксельная сетевая камера Wi-Fi с фиксированным фокусным расстоянием для помещений
190,DH-H3A,H3A,31.8706,Видеокамеры,Видеокамера Dahua DH-H3A,DH-H3A.png,ok,3-мегапиксельная внутренняя сетевая камера Wi-Fi с фиксированным фокусным расстоянием и функцией панорамирования и наклона
191,DH-C3A,C3A,30.7412,Видеокамеры,Видеокамера Dahua DH-C3A,DH-C3A.png,ok,3-мегапиксельная внутренняя сетевая камера Wi-Fi Cube с фиксированным фокусным расстоянием
192,DH-C5A,C5A,37.2353,Видеокамеры,Видеокамера Dahua DH-C5A,DH-C5A.png,ok,"Камера Dahua DH-C5A из серии Cube проста в установке и эксплуатации, предлагает четкие изображения с разрешением 5 МП, обнаружение домашних животных и людей, режим конфиденциальности, двустороннюю свя"
193,DH-P5D-5F-PV,P5D5FPV,65.9294,Мониторы,Монитор Dahua DH-P5D-5F-PV,DH-P5D-5F-PV.png,ok,5+5-мегапиксельная уличная Wi-Fi камера с двумя объективами и панорамированием и наклоном
194,DH-P3D-3F-PV,P3D3FPV,60.2353,Мониторы,Монитор Dahua DH-P3D-3F-PV,DH-P3D-3F-PV.png,ok,3+3-мегапиксельная наружная Wi-Fi камера с двумя объективами и функцией наклона и поворота
195,DH-H5D-5F,H5D5F,50.5882,Мониторы,Монитор Dahua DH-H5D-5F,DH-H5D-5F.png,ok,5+5 Мп внутренняя Wi-Fi камера с двумя объективами и функцией наклона и поворота
196,DH-H3D-3F,H3D3F,43.2353,Мониторы,Монитор Dahua DH-H3D-3F,DH-H3D-3F.png,ok,3+3-мегапиксельная внутренняя Wi-Fi-камера с двумя объективами и функцией поворота и наклона
197,DHI-ISC-D109L,ISCD109L,300.4941,Металлоискатели,Металлоискатель Dahua DHI-ISC-D109L,DHI-ISC-D109L.png,ok,Сквозной металлоискатель
198,DHI-ASGG120T,ASGG120T,493.7412,СКУД,Турникет Dahua DHI-ASGG120T,DHI-ASGG120T.jpg,ok,"Турникет трипод Сталь SUS304 0.8mm Питание 220В AC, 50/60Гц Потребление до 40Вт До 2-х направлений прохода Пропускная способность от 20 до 30 ч/мин Ширина прохода 800мм Срок службы более 1млн. раз Инт"
199,DH-PFM920I-5EUN,PFM920I5EUN,71.8353,Не определена,Устройство Dahua DH-PFM920I-5EUN,DH-PFM920I-5EUN.png,ok,Кабель UTP CAT5e
200,DH-PFM920I-6UN-CN,PFM920I6UNCN,112,Не определена,Устройство Dahua DH-PFM920I-6UN-CN,DH-PFM920I-6UN-CN.jpg,ok,Кабель UTP CAT6
201,DHI-LS460UCM-BF,LS460UCMBF,938.9176,Дисплеи,Дисплей Dahua DHI-LS460UCM-BF,DHI-LS460UCM-BF.jpg,nearest,"46-дюймовый настенный видеодисплей FHD (ультраузкая рамка 3,5 мм) > ЖК-панель ADS промышленного уровня, рассчитанная на непрерывную работу 24 часа в сутки/ 7"
202,DHI-LS490UCM-EF,LS490UCMEF,1102.8235,Дисплеи,Дисплей Dahua DHI-LS490UCM-EF,DHI-LS490UCM-EF.jpg,nearest,"49-дюймовый настенный видеодисплей FHD (ультраузкая рамка 3,5 мм)"
203,DHI-LS550UCM-BF,LS550UCMBF,1209.0588,Дисплеи,Дисплей Dahua DHI-LS550UCM-BF,DHI-LS550UCM-BF.jpg,ok,"Настенный видеодисплей 55 ’FHD (ультраузкая рамка 3,5 мм)"
204,IPMECD-0152-M30,IPMECD0152M30,41.4824,Не определена,Устройство Dahua IPMECD-0152-M30,IPMECD-0152-M30.png,ok,СРТЕЛА ДЛЯ БАРЕРА
205,"DHI-IPMECD-1052-RM30-
T15",IPMECD1052RM30T15,335.9059,Не определена,"Устройство Dahua DHI-IPMECD-1052-RM30-
T15",DHI-IPMECD-1052-RM30-_T15.png,ok,Поддерживает настройку времени и скорости для задержки падения барьера.
206,"DHI-IPMECD-1052-LM30-
T15",IPMECD1052LM30T15,335.9059,Не определена,"Устройство Dahua DHI-IPMECD-1052-LM30-
T15",DHI-IPMECD-1052-LM30-_T15.png,multi,Поддерживает настройку времени и скорости для задержки падения барьера.
207,DHI-DAE-HC5711GW-T5,DAEHC5711GWT5,140.6353,Видеорегистраторы,Видеорегистратор Dahua DHI-DAE-HC5711GW-T5,DHI-DAE-HC5711GW-T5.jpeg,multi,Видеорегистратор
208,DHI-DAE-HC3511GW-S8,DAEHC3511GWS8,134.5647,Видеорегистраторы,Видеорегистратор Dahua DHI-DAE-HC3511GW-S8,DHI-DAE-HC3511GW-S8.png,multi,Видеорегистратор
209,DHI-ISC-H001,ISCH001,29.4118,Металлоискатели,Металлоискатель Dahua DHI-ISC-H001,DHI-ISC-H001.png,ok,Ручной металлоискатель
210,DHI-SCP3024B-CBZ,SCP3024BCBZ,229.4118,Детекторы и датчики,Датчик Dahua DHI-SCP3024B-CBZ,DHI-SCP3024B-CBZ.png,ok,4-проводная гибридная интеллектуальная панель управления
211,DHI-SCP3044A-BZ,SCP3044ABZ,288.2353,Детекторы и датчики,Датчик Dahua DHI-SCP3044A-BZ,DHI-SCP3044A-BZ.png,ok,4-проводная гибридная интеллектуальная панель управления
212,DH-DSS-OneBox-H1/128,DSSONEBOXH1128,1411.7647,Сетевое оборудование,Коммутатор Dahua DH-DSS-OneBox-H1/128,DH-DSS-OneBox-H1_128.jpeg,ok,"Рабочая станция Intel Core i7, 32 Гбайт ОЗУ 4 независимых видеовыхода 4K Интегрированный графический процессор, декодирование до 30 каналов 1080p Автоматический запуск и вход в систему Уже настроенная"
213,DHI-ARA13-W2(868),ARA13W2868,45.4118,Мониторы,Монитор Dahua DHI-ARA13-W2(868),DHI-ARA13-W2_868_.png,ok,Беспроводная уличная сирена
214,DHI-ARA14-W2(868),ARA14W2868,45.2941,Не определена,Устройство Dahua DHI-ARA14-W2(868),DHI-ARA14-W2_868_.png,ok,Беспроводная сирена для внутренней связи
215,DHI-ARA24-W2(868),ARA24W2868,17.0588,Не определена,Устройство Dahua DHI-ARA24-W2(868),DHI-ARA24-W2_868_.png,ok,Беспроводной брелок Dahua
216,DHI-ARA43-W2(868),ARA43W2868,58.8235,Не определена,Устройство Dahua DHI-ARA43-W2(868),DHI-ARA43-W2_868_.png,ok,Ретранслятор сигнала тревоги
217,DHI-ARC3800H-FW2(868),ARC3800HFW2868,164.7153,Не определена,Устройство Dahua DHI-ARC3800H-FW2(868),DHI-ARC3800H-FW2_868_.png,ok,еспроводной охранный концентратор Dahua 2
218,DHI-ARC3800H-W2(868),ARC3800HW2868,94.0941,Не определена,Устройство Dahua DHI-ARC3800H-W2(868),DHI-ARC3800H-W2_868_.png,ok,Беспроводной охранный концентратор Dahua 2
219,DHI-ARD1233-W2(868),ARD1233W2868,28.2353,Мониторы,Монитор Dahua DHI-ARD1233-W2(868),DHI-ARD1233-W2_868_.png,ok,Беспроводной ИК-датчик
220,DHI-ARD2251E-W2(868V),ARD2251EW2868V,117.6682,Мониторы,Монитор Dahua DHI-ARD2251E-W2(868V),DHI-ARD2251E-W2_868V_.png,ok,Беспроводная внешняя PIR-камера Dahua (совместима только с серией ARC3800H)
221,DHI-ARD323-W2(868),ARD323W2868,22.9412,Мониторы,Монитор Dahua DHI-ARD323-W2(868),DHI-ARD323-W2_868_.png,ok,Беспроводной дверной датчик Dahua
222,DHI-ARD323-W2(868S),ARD323W2868S,23.1765,Мониторы,Монитор Dahua DHI-ARD323-W2(868S),DHI-ARD323-W2_868S_.png,ok,Беспроводной дверной датчик Dahua (маленький)
223,DHI-ARD512-W2(868),ARD512W2868,23.5294,Детекторы и датчики,Датчик Dahua DHI-ARD512-W2(868),DHI-ARD512-W2_868_.png,ok,Беспроводной датчик разбития стекла Dahua
224,DHI-ARD821-W2(868),ARD821W2868,16.4706,Не определена,Устройство Dahua DHI-ARD821-W2(868),DHI-ARD821-W2_868_.png,ok,Беспроводная тревожная кнопка
225,DHI-ARD912-W2(868),ARD912W2868,22.3529,Не определена,Устройство Dahua DHI-ARD912-W2(868),DHI-ARD912-W2_868_.png,ok,Беспроводной детектор утечки воды
226,DHI-ARM7011-W2(868),ARM7011W2868,24.7059,Не определена,Устройство Dahua DHI-ARM7011-W2(868),DHI-ARM7011-W2_868_.png,ok,Беспроводное реле Dahua
227,DHI-ARM7012-W2(868),ARM7012W2868,18.8235,Не определена,Устройство Dahua DHI-ARM7012-W2(868),DHI-ARM7012-W2_868_.png,ok,Беспроводной настенный переключатель Dahua
228,DHI-HY-GC21B-W2(868),HYGC21BW2868,28.8235,Детекторы и датчики,Датчик Dahua DHI-HY-GC21B-W2(868),DHI-HY-GC21B-W2_868_.png,ok,Беспроводной датчик угарного газа
229,DHI-HY-SA21A-W2(868),HYSA21AW2868,29.4118,Детекторы и датчики,Датчик Dahua DHI-HY-SA21A-W2(868),DHI-HY-SA21A-W2_868_.png,ok,Беспроводной дымовой извещатель
